negative,positive
negative,positive
ABANDON,ABLE
ABANDONED,ABUNDANCE
ABANDONING,ABUNDANT
ABANDONMENT,ACCLAIMED
ABANDONMENTS,ACCOMPLISH
ABANDONS,ACCOMPLISHED
ABDICATED,ACCOMPLISHES
ABDICATES,ACCOMPLISHING
ABDICATING,ACCOMPLISHMENT
ABDICATION,ACCOMPLISHMENTS
ABDICATIONS,ACHIEVE
ABERRANT,ACHIEVED
ABERRATION,ACHIEVEMENT
ABERRATIONAL,ACHIEVEMENTS
ABERRATIONS,ACHIEVES
ABETTING,ACHIEVING
ABNORMAL,ADEQUATELY
ABNORMALITIES,ADVANCEMENT
ABNORMALITY,ADVANCEMENTS
ABNORMALLY,ADVANCES
ABOLISH,ADVANCING
ABOLISHED,ADVANTAGE
ABOLISHES,ADVANTAGED
ABOLISHING,ADVANTAGEOUS
ABROGATE,ADVANTAGEOUSLY
ABROGATED,ADVANTAGES
ABROGATES,ALLIANCE
ABROGATING,ALLIANCES
ABROGATION,ASSURE
ABROGATIONS,ASSURED
ABRUPT,ASSURES
ABRUPTLY,ASSURING
ABRUPTNESS,ATTAIN
ABSENCE,ATTAINED
ABSENCES,ATTAINING
ABSENTEEISM,ATTAINMENT
ABUSE,ATTAINMENTS
ABUSED,ATTAINS
ABUSES,ATTRACTIVE
ABUSING,ATTRACTIVENESS
ABUSIVE,BEAUTIFUL
ABUSIVELY,BEAUTIFULLY
ABUSIVENESS,BENEFICIAL
ACCIDENT,BENEFICIALLY
ACCIDENTAL,BENEFIT
ACCIDENTALLY,BENEFITED
ACCIDENTS,BENEFITING
ACCUSATION,BENEFITTED
ACCUSATIONS,BENEFITTING
ACCUSE,BEST
ACCUSED,BETTER
ACCUSES,BOLSTERED
ACCUSING,BOLSTERING
ACQUIESCE,BOLSTERS
ACQUIESCED,BOOM
ACQUIESCES,BOOMING
ACQUIESCING,BOOST
ACQUIT,BOOSTED
ACQUITS,BREAKTHROUGH
ACQUITTAL,BREAKTHROUGHS
ACQUITTALS,BRILLIANT
ACQUITTED,CHARITABLE
ACQUITTING,COLLABORATE
ADULTERATE,COLLABORATED
ADULTERATED,COLLABORATES
ADULTERATING,COLLABORATING
ADULTERATION,COLLABORATION
ADULTERATIONS,COLLABORATIONS
ADVERSARIAL,COLLABORATIVE
ADVERSARIES,COLLABORATOR
ADVERSARY,COLLABORATORS
ADVERSE,COMPLIMENT
ADVERSELY,COMPLIMENTARY
ADVERSITIES,COMPLIMENTED
ADVERSITY,COMPLIMENTING
AFTERMATH,COMPLIMENTS
AFTERMATHS,CONCLUSIVE
AGAINST,CONCLUSIVELY
AGGRAVATE,CONDUCIVE
AGGRAVATED,CONFIDENT
AGGRAVATES,CONSTRUCTIVE
AGGRAVATING,CONSTRUCTIVELY
AGGRAVATION,COURTEOUS
AGGRAVATIONS,CREATIVE
ALERTED,CREATIVELY
ALERTING,CREATIVENESS
ALIENATE,CREATIVITY
ALIENATED,DELIGHT
ALIENATES,DELIGHTED
ALIENATING,DELIGHTFUL
ALIENATION,DELIGHTFULLY
ALIENATIONS,DELIGHTING
ANNOY,DELIGHTS
ANNOYANCE,DEPENDABILITY
ANNOYANCES,DEPENDABLE
ANNOYED,DESIRABLE
ANNOYING,DESIRED
ANNOYS,DESPITE
ANNUL,DESTINED
ANNULLED,DILIGENT
ANNULLING,DILIGENTLY
ANNULMENT,DISTINCTION
ANNULMENTS,DISTINCTIONS
ANNULS,DISTINCTIVE
ANOMALIES,DISTINCTIVELY
ANOMALOUS,DISTINCTIVENESS
ANOMALOUSLY,DREAM
ANOMALY,EASIER
ANTICOMPETITIVE,EASILY
ANTITRUST,EASY
ARGUE,EFFECTIVE
ARGUED,EFFICIENCIES
ARGUING,EFFICIENCY
ARGUMENT,EFFICIENT
ARGUMENTATIVE,EFFICIENTLY
ARGUMENTS,EMPOWER
ARREARAGE,EMPOWERED
ARREARAGES,EMPOWERING
ARREARS,EMPOWERS
ARREST,ENABLE
ARRESTED,ENABLED
ARRESTS,ENABLES
ARTIFICIALLY,ENABLING
ASSAULT,ENCOURAGED
ASSAULTED,ENCOURAGEMENT
ASSAULTING,ENCOURAGES
ASSAULTS,ENCOURAGING
ASSERTIONS,ENHANCE
ATTRITION,ENHANCED
AVERSELY,ENHANCEMENT
BACKDATING,ENHANCEMENTS
BAD,ENHANCES
BAIL,ENHANCING
BAILOUT,ENJOY
BALK,ENJOYABLE
BALKED,ENJOYABLY
BANKRUPT,ENJOYED
BANKRUPTCIES,ENJOYING
BANKRUPTCY,ENJOYMENT
BANKRUPTED,ENJOYS
BANKRUPTING,ENTHUSIASM
BANKRUPTS,ENTHUSIASTIC
BANS,ENTHUSIASTICALLY
BARRED,EXCELLENCE
BARRIER,EXCELLENT
BARRIERS,EXCELLING
BOTTLENECK,EXCELS
BOTTLENECKS,EXCEPTIONAL
BOYCOTT,EXCEPTIONALLY
BOYCOTTED,EXCITED
BOYCOTTING,EXCITEMENT
BOYCOTTS,EXCITING
BREAK,EXCLUSIVE
BREAKAGE,EXCLUSIVELY
BREAKAGES,EXCLUSIVENESS
BREAKDOWN,EXCLUSIVES
BREAKDOWNS,EXCLUSIVITY
BREAKING,EXEMPLARY
BREAKS,FANTASTIC
BRIBE,FAVORABLE
BRIBED,FAVORABLY
BRIBERIES,FAVORED
BRIBERY,FAVORING
BRIBES,FAVORITE
BRIBING,FAVORITES
BRIDGE,FRIENDLY
BROKEN,GAIN
BURDEN,GAINED
BURDENED,GAINING
BURDENING,GAINS
BURDENS,GOOD
BURDENSOME,GREAT
BURNED,GREATER
CALAMITIES,GREATEST
CALAMITOUS,GREATLY
CALAMITY,GREATNESS
CANCEL,HAPPIEST
CANCELED,HAPPILY
CANCELING,HAPPINESS
CANCELLATION,HAPPY
CANCELLATIONS,HIGHEST
CANCELLED,HONOR
CANCELLING,HONORABLE
CANCELS,HONORED
CARELESS,HONORING
CARELESSLY,HONORS
CARELESSNESS,IDEAL
CATASTROPHE,IMPRESS
CATASTROPHES,IMPRESSED
CATASTROPHIC,IMPRESSES
CATASTROPHICALLY,IMPRESSING
CAUTION,IMPRESSIVE
CAUTIONARY,IMPRESSIVELY
CAUTIONED,IMPROVE
CAUTIONING,IMPROVED
CAUTIONS,IMPROVEMENT
CEASE,IMPROVEMENTS
CEASED,IMPROVES
CEASES,IMPROVING
CEASING,INCREDIBLE
CENSURE,INCREDIBLY
CENSURED,INFLUENTIAL
CENSURES,INFORMATIVE
CENSURING,INGENUITY
CHALLENGE,INNOVATE
CHALLENGED,INNOVATED
CHALLENGES,INNOVATES
CHALLENGING,INNOVATING
CHARGEOFFS,INNOVATION
CIRCUMVENT,INNOVATIONS
CIRCUMVENTED,INNOVATIVE
CIRCUMVENTING,INNOVATIVENESS
CIRCUMVENTION,INNOVATOR
CIRCUMVENTIONS,INNOVATORS
CIRCUMVENTS,INSIGHTFUL
CLAIMING,INSPIRATION
CLAIMS,INSPIRATIONAL
CLAWBACK,INTEGRITY
CLOSED,INVENT
CLOSEOUT,INVENTED
CLOSEOUTS,INVENTING
CLOSING,INVENTION
CLOSINGS,INVENTIONS
CLOSURE,INVENTIVE
CLOSURES,INVENTIVENESS
COERCE,INVENTOR
COERCED,INVENTORS
COERCES,LEADERSHIP
COERCING,LEADING
COERCION,LOYAL
COERCIVE,LUCRATIVE
COLLAPSE,MERITORIOUS
COLLAPSED,OPPORTUNITIES
COLLAPSES,OPPORTUNITY
COLLAPSING,OPTIMISTIC
COLLISION,OUTPERFORM
COLLISIONS,OUTPERFORMED
COLLUDE,OUTPERFORMING
COLLUDED,OUTPERFORMS
COLLUDES,PERFECT
COLLUDING,PERFECTED
COLLUSION,PERFECTLY
COLLUSIONS,PERFECTS
COLLUSIVE,PLEASANT
COMPLAIN,PLEASANTLY
COMPLAINED,PLEASED
COMPLAINING,PLEASURE
COMPLAINS,PLENTIFUL
COMPLAINT,POPULAR
COMPLAINTS,POPULARITY
COMPLICATE,POSITIVELY
COMPLICATED,PREEMINENCE
COMPLICATES,PREEMINENT
COMPLICATING,PREMIER
COMPLICATION,PREMIERE
COMPLICATIONS,PRESTIGE
COMPULSION,PRESTIGIOUS
CONCEALED,PROACTIVE
CONCEALING,PROACTIVELY
CONCEDE,PROFICIENCY
CONCEDED,PROFICIENT
CONCEDES,PROFICIENTLY
CONCEDING,PROFITABILITY
CONCERN,PROFITABLE
CONCERNED,PROFITABLY
CONCERNS,PROGRESS
CONCILIATING,PROGRESSED
CONCILIATION,PROGRESSES
CONCILIATIONS,PROGRESSING
CONDEMN,PROSPERED
CONDEMNATION,PROSPERING
CONDEMNATIONS,PROSPERITY
CONDEMNED,PROSPEROUS
CONDEMNING,PROSPERS
CONDEMNS,REBOUND
CONDONE,REBOUNDED
CONDONED,REBOUNDING
CONFESS,RECEPTIVE
CONFESSED,REGAIN
CONFESSES,REGAINED
CONFESSING,REGAINING
CONFESSION,RESOLVE
CONFINE,REVOLUTIONIZE
CONFINED,REVOLUTIONIZED
CONFINEMENT,REVOLUTIONIZES
CONFINEMENTS,REVOLUTIONIZING
CONFINES,REWARD
CONFINING,REWARDED
CONFISCATE,REWARDING
CONFISCATED,REWARDS
CONFISCATES,SATISFACTION
CONFISCATING,SATISFACTORILY
CONFISCATION,SATISFACTORY
CONFISCATIONS,SATISFIED
CONFLICT,SATISFIES
CONFLICTED,SATISFY
CONFLICTING,SATISFYING
CONFLICTS,SMOOTH
CONFRONT,SMOOTHING
CONFRONTATION,SMOOTHLY
CONFRONTATIONAL,SMOOTHS
CONFRONTATIONS,SOLVES
CONFRONTED,SOLVING
CONFRONTING,SPECTACULAR
CONFRONTS,SPECTACULARLY
CONFUSE,STABILITY
CONFUSED,STABILIZATION
CONFUSES,STABILIZATIONS
CONFUSING,STABILIZE
CONFUSINGLY,STABILIZED
CONFUSION,STABILIZES
CONSPIRACIES,STABILIZING
CONSPIRACY,STABLE
CONSPIRATOR,STRENGTH
CONSPIRATORIAL,STRENGTHEN
CONSPIRATORS,STRENGTHENED
CONSPIRE,STRENGTHENING
CONSPIRED,STRENGTHENS
CONSPIRES,STRENGTHS
CONSPIRING,STRONG
CONTEMPT,STRONGER
CONTEND,STRONGEST
CONTENDED,SUCCEED
CONTENDING,SUCCEEDED
CONTENDS,SUCCEEDING
CONTENTION,SUCCEEDS
CONTENTIONS,SUCCESS
CONTENTIOUS,SUCCESSES
CONTENTIOUSLY,SUCCESSFUL
CONTESTED,SUCCESSFULLY
CONTESTING,SUPERIOR
CONTRACTION,SURPASS
CONTRACTIONS,SURPASSED
CONTRADICT,SURPASSES
CONTRADICTED,SURPASSING
CONTRADICTING,TRANSPARENCY
CONTRADICTION,TREMENDOUS
CONTRADICTIONS,TREMENDOUSLY
CONTRADICTORY,UNMATCHED
CONTRADICTS,UNPARALLELED
CONTRARY,UNSURPASSED
CONTROVERSIAL,UPTURN
CONTROVERSIES,UPTURNS
CONTROVERSY,VALUABLE
CONVICT,VERSATILE
CONVICTED,VERSATILITY
CONVICTING,VIBRANCY
CONVICTION,VIBRANT
CONVICTIONS,WIN
CORRECTED,WINNER
CORRECTING,WINNERS
CORRECTION,WINNING
CORRECTIONS,WORTHY
CORRECTS,PROFIT
CORRUPT,buy
CORRUPTED,buying
CORRUPTING,buys
CORRUPTION,bought
CORRUPTIONS,create
CORRUPTLY,creates
CORRUPTNESS,created
COSTLY,creating
COUNTERCLAIM,value
COUNTERCLAIMED,
COUNTERCLAIMING,
COUNTERCLAIMS,
COUNTERFEIT,
COUNTERFEITED,
COUNTERFEITER,
COUNTERFEITERS,
COUNTERFEITING,
COUNTERFEITS,
COUNTERMEASURE,
COUNTERMEASURES,
CRIME,
CRIMES,
CRIMINAL,
CRIMINALLY,
CRIMINALS,
CRISES,
CRISIS,
CRITICAL,
CRITICALLY,
CRITICISM,
CRITICISMS,
CRITICIZE,
CRITICIZED,
CRITICIZES,
CRITICIZING,
CRUCIAL,
CRUCIALLY,
CULPABILITY,
CULPABLE,
CULPABLY,
CUMBERSOME,
CURTAIL,
CURTAILED,
CURTAILING,
CURTAILMENT,
CURTAILMENTS,
CURTAILS,
CUT,
CUTBACK,
CUTBACKS,
CYBERATTACK,
CYBERATTACKS,
CYBERBULLYING,
CYBERCRIME,
CYBERCRIMES,
CYBERCRIMINAL,
CYBERCRIMINALS,
DAMAGE,
DAMAGED,
DAMAGES,
DAMAGING,
DAMPEN,
DAMPENED,
DANGER,
DANGEROUS,
DANGEROUSLY,
DANGERS,
DEADLOCK,
DEADLOCKED,
DEADLOCKING,
DEADLOCKS,
DEADWEIGHT,
DEADWEIGHTS,
DEBARMENT,
DEBARMENTS,
DEBARRED,
DECEASED,
DECEIT,
DECEITFUL,
DECEITFULNESS,
DECEIVE,
DECEIVED,
DECEIVES,
DECEIVING,
DECEPTION,
DECEPTIONS,
DECEPTIVE,
DECEPTIVELY,
DECLINE,
DECLINED,
DECLINES,
DECLINING,
DEFACE,
DEFACED,
DEFACEMENT,
DEFAMATION,
DEFAMATIONS,
DEFAMATORY,
DEFAME,
DEFAMED,
DEFAMES,
DEFAMING,
DEFAULT,
DEFAULTED,
DEFAULTING,
DEFAULTS,
DEFEAT,
DEFEATED,
DEFEATING,
DEFEATS,
DEFECT,
DEFECTIVE,
DEFECTS,
DEFEND,
DEFENDANT,
DEFENDANTS,
DEFENDED,
DEFENDING,
DEFENDS,
DEFENSIVE,
DEFER,
DEFICIENCIES,
DEFICIENCY,
DEFICIENT,
DEFICIT,
DEFICITS,
DEFRAUD,
DEFRAUDED,
DEFRAUDING,
DEFRAUDS,
DEFUNCT,
DEGRADATION,
DEGRADATIONS,
DEGRADE,
DEGRADED,
DEGRADES,
DEGRADING,
DELAY,
DELAYED,
DELAYING,
DELAYS,
DELETERIOUS,
DELIBERATE,
DELIBERATED,
DELIBERATELY,
DELINQUENCIES,
DELINQUENCY,
DELINQUENT,
DELINQUENTLY,
DELINQUENTS,
DELIST,
DELISTED,
DELISTING,
DELISTS,
DEMISE,
DEMISED,
DEMISES,
DEMISING,
DEMOLISH,
DEMOLISHED,
DEMOLISHES,
DEMOLISHING,
DEMOLITION,
DEMOLITIONS,
DEMOTE,
DEMOTED,
DEMOTES,
DEMOTING,
DEMOTION,
DEMOTIONS,
DENIAL,
DENIALS,
DENIED,
DENIES,
DENIGRATE,
DENIGRATED,
DENIGRATES,
DENIGRATING,
DENIGRATION,
DENY,
DENYING,
DEPLETE,
DEPLETED,
DEPLETES,
DEPLETING,
DEPLETION,
DEPLETIONS,
DEPRECATION,
DEPRESS,
DEPRESSED,
DEPRESSES,
DEPRESSING,
DEPRIVATION,
DEPRIVE,
DEPRIVED,
DEPRIVES,
DEPRIVING,
DERELICT,
DERELICTION,
DEROGATORY,
DESTABILIZATION,
DESTABILIZE,
DESTABILIZED,
DESTABILIZING,
DESTROY,
DESTROYED,
DESTROYING,
DESTROYS,
DESTRUCTION,
DESTRUCTIVE,
DETAIN,
DETAINED,
DETENTION,
DETENTIONS,
DETER,
DETERIORATE,
DETERIORATED,
DETERIORATES,
DETERIORATING,
DETERIORATION,
DETERIORATIONS,
DETERRED,
DETERRENCE,
DETERRENCES,
DETERRENT,
DETERRENTS,
DETERRING,
DETERS,
DETRACT,
DETRACTED,
DETRACTING,
DETRIMENT,
DETRIMENTAL,
DETRIMENTALLY,
DETRIMENTS,
DEVALUE,
DEVALUED,
DEVALUES,
DEVALUING,
DEVASTATE,
DEVASTATED,
DEVASTATING,
DEVASTATION,
DEVIATE,
DEVIATED,
DEVIATES,
DEVIATING,
DEVIATION,
DEVIATIONS,
DEVOLVE,
DEVOLVED,
DEVOLVES,
DEVOLVING,
DIFFICULT,
DIFFICULTIES,
DIFFICULTLY,
DIFFICULTY,
DIMINISH,
DIMINISHED,
DIMINISHES,
DIMINISHING,
DIMINUTION,
DISADVANTAGE,
DISADVANTAGED,
DISADVANTAGEOUS,
DISADVANTAGES,
DISAFFILIATION,
DISAGREE,
DISAGREEABLE,
DISAGREED,
DISAGREEING,
DISAGREEMENT,
DISAGREEMENTS,
DISAGREES,
DISALLOW,
DISALLOWANCE,
DISALLOWANCES,
DISALLOWED,
DISALLOWING,
DISALLOWS,
DISAPPEAR,
DISAPPEARANCE,
DISAPPEARANCES,
DISAPPEARED,
DISAPPEARING,
DISAPPEARS,
DISAPPOINT,
DISAPPOINTED,
DISAPPOINTING,
DISAPPOINTINGLY,
DISAPPOINTMENT,
DISAPPOINTMENTS,
DISAPPOINTS,
DISAPPROVAL,
DISAPPROVALS,
DISAPPROVE,
DISAPPROVED,
DISAPPROVES,
DISAPPROVING,
DISASSOCIATES,
DISASSOCIATING,
DISASSOCIATION,
DISASSOCIATIONS,
DISASTER,
DISASTERS,
DISASTROUS,
DISASTROUSLY,
DISAVOW,
DISAVOWAL,
DISAVOWED,
DISAVOWING,
DISAVOWS,
DISCIPLINARY,
DISCLAIM,
DISCLAIMED,
DISCLAIMER,
DISCLAIMERS,
DISCLAIMING,
DISCLAIMS,
DISCLOSE,
DISCLOSED,
DISCLOSES,
DISCLOSING,
DISCONTINUANCE,
DISCONTINUANCES,
DISCONTINUATION,
DISCONTINUATIONS,
DISCONTINUE,
DISCONTINUED,
DISCONTINUES,
DISCONTINUING,
DISCOURAGE,
DISCOURAGED,
DISCOURAGES,
DISCOURAGING,
DISCREDIT,
DISCREDITED,
DISCREDITING,
DISCREDITS,
DISCREPANCIES,
DISCREPANCY,
DISFAVOR,
DISFAVORED,
DISFAVORING,
DISFAVORS,
DISGORGE,
DISGORGED,
DISGORGEMENT,
DISGORGEMENTS,
DISGORGES,
DISGORGING,
DISGRACE,
DISGRACEFUL,
DISGRACEFULLY,
DISHONEST,
DISHONESTLY,
DISHONESTY,
DISHONOR,
DISHONORABLE,
DISHONORABLY,
DISHONORED,
DISHONORING,
DISHONORS,
DISINCENTIVES,
DISINTERESTED,
DISINTERESTEDLY,
DISINTERESTEDNESS,
DISLOYAL,
DISLOYALLY,
DISLOYALTY,
DISMAL,
DISMALLY,
DISMISS,
DISMISSAL,
DISMISSALS,
DISMISSED,
DISMISSES,
DISMISSING,
DISORDERLY,
DISPARAGE,
DISPARAGED,
DISPARAGEMENT,
DISPARAGEMENTS,
DISPARAGES,
DISPARAGING,
DISPARAGINGLY,
DISPARITIES,
DISPARITY,
DISPLACE,
DISPLACED,
DISPLACEMENT,
DISPLACEMENTS,
DISPLACES,
DISPLACING,
DISPOSE,
DISPOSSESS,
DISPOSSESSED,
DISPOSSESSES,
DISPOSSESSING,
DISPROPORTION,
DISPROPORTIONAL,
DISPROPORTIONATE,
DISPROPORTIONATELY,
DISPUTE,
DISPUTED,
DISPUTES,
DISPUTING,
DISQUALIFICATION,
DISQUALIFICATIONS,
DISQUALIFIED,
DISQUALIFIES,
DISQUALIFY,
DISQUALIFYING,
DISREGARD,
DISREGARDED,
DISREGARDING,
DISREGARDS,
DISREPUTABLE,
DISREPUTE,
DISRUPT,
DISRUPTED,
DISRUPTING,
DISRUPTION,
DISRUPTIONS,
DISRUPTIVE,
DISRUPTS,
DISSATISFACTION,
DISSATISFIED,
DISSENT,
DISSENTED,
DISSENTER,
DISSENTERS,
DISSENTING,
DISSENTS,
DISSIDENT,
DISSIDENTS,
DISSOLUTION,
DISSOLUTIONS,
DISTORT,
DISTORTED,
DISTORTING,
DISTORTION,
DISTORTIONS,
DISTORTS,
DISTRACT,
DISTRACTED,
DISTRACTING,
DISTRACTION,
DISTRACTIONS,
DISTRACTS,
DISTRESS,
DISTRESSED,
DISTURB,
DISTURBANCE,
DISTURBANCES,
DISTURBED,
DISTURBING,
DISTURBS,
DIVERSION,
DIVERT,
DIVERTED,
DIVERTING,
DIVERTS,
DIVEST,
DIVESTED,
DIVESTING,
DIVESTITURE,
DIVESTITURES,
DIVESTMENT,
DIVESTMENTS,
DIVESTS,
DIVORCE,
DIVORCED,
DIVULGE,
DIVULGED,
DIVULGES,
DIVULGING,
DOUBT,
DOUBTED,
DOUBTFUL,
DOUBTS,
DOWNGRADE,
DOWNGRADED,
DOWNGRADES,
DOWNGRADING,
DOWNSIZE,
DOWNSIZED,
DOWNSIZES,
DOWNSIZING,
DOWNSIZINGS,
DOWNTIME,
DOWNTIMES,
DOWNTURN,
DOWNTURNS,
DOWNWARD,
DOWNWARDS,
DRAG,
DRASTIC,
DRASTICALLY,
DRAWBACK,
DRAWBACKS,
DROPPED,
DROUGHT,
DROUGHTS,
DURESS,
DYSFUNCTION,
DYSFUNCTIONAL,
DYSFUNCTIONS,
EASING,
EGREGIOUS,
EGREGIOUSLY,
EMBARGO,
EMBARGOED,
EMBARGOES,
EMBARGOING,
EMBARRASS,
EMBARRASSED,
EMBARRASSES,
EMBARRASSING,
EMBARRASSMENT,
EMBARRASSMENTS,
EMBEZZLE,
EMBEZZLED,
EMBEZZLEMENT,
EMBEZZLEMENTS,
EMBEZZLER,
EMBEZZLES,
EMBEZZLING,
ENCROACH,
ENCROACHED,
ENCROACHES,
ENCROACHING,
ENCROACHMENT,
ENCROACHMENTS,
ENCUMBER,
ENCUMBERED,
ENCUMBERING,
ENCUMBERS,
ENCUMBRANCE,
ENCUMBRANCES,
ENDANGER,
ENDANGERED,
ENDANGERING,
ENDANGERMENT,
ENDANGERS,
ENJOIN,
ENJOINED,
ENJOINING,
ENJOINS,
ERODE,
ERODED,
ERODES,
ERODING,
EROSION,
ERRATIC,
ERRATICALLY,
ERRED,
ERRING,
ERRONEOUS,
ERRONEOUSLY,
ERROR,
ERRORS,
ERRS,
ESCALATE,
ESCALATED,
ESCALATES,
ESCALATING,
EVADE,
EVADED,
EVADES,
EVADING,
EVASION,
EVASIONS,
EVASIVE,
EVICT,
EVICTED,
EVICTING,
EVICTION,
EVICTIONS,
EVICTS,
EXACERBATE,
EXACERBATED,
EXACERBATES,
EXACERBATING,
EXACERBATION,
EXACERBATIONS,
EXAGGERATE,
EXAGGERATED,
EXAGGERATES,
EXAGGERATING,
EXAGGERATION,
EXCESSIVE,
EXCESSIVELY,
EXCULPATE,
EXCULPATED,
EXCULPATES,
EXCULPATING,
EXCULPATION,
EXCULPATIONS,
EXCULPATORY,
EXONERATE,
EXONERATED,
EXONERATES,
EXONERATING,
EXONERATION,
EXONERATIONS,
EXPLOIT,
EXPLOITATION,
EXPLOITATIONS,
EXPLOITATIVE,
EXPLOITED,
EXPLOITING,
EXPLOITS,
EXPOSE,
EXPOSED,
EXPOSES,
EXPOSING,
EXPROPRIATE,
EXPROPRIATED,
EXPROPRIATES,
EXPROPRIATING,
EXPROPRIATION,
EXPROPRIATIONS,
EXPULSION,
EXPULSIONS,
EXTENUATING,
FAIL,
FAILED,
FAILING,
FAILINGS,
FAILS,
FAILURE,
FAILURES,
FALLOUT,
FALSE,
FALSELY,
FALSIFICATION,
FALSIFICATIONS,
FALSIFIED,
FALSIFIES,
FALSIFY,
FALSIFYING,
FALSITY,
FATALITIES,
FATALITY,
FATALLY,
FAULT,
FAULTED,
FAULTS,
FAULTY,
FEAR,
FEARS,
FELONIES,
FELONIOUS,
FELONY,
FICTITIOUS,
FINED,
FINES,
FIRED,
FIRING,
FLAW,
FLAWED,
FLAWS,
FORBID,
FORBIDDEN,
FORBIDDING,
FORBIDS,
FORCE,
FORCED,
FORCING,
FORECLOSE,
FORECLOSED,
FORECLOSES,
FORECLOSING,
FORECLOSURE,
FORECLOSURES,
FOREGO,
FOREGOES,
FOREGONE,
FORESTALL,
FORESTALLED,
FORESTALLING,
FORESTALLS,
FORFEIT,
FORFEITED,
FORFEITING,
FORFEITS,
FORFEITURE,
FORFEITURES,
FORGERS,
FORGERY,
FRAUD,
FRAUDS,
FRAUDULENCE,
FRAUDULENT,
FRAUDULENTLY,
FRIVOLOUS,
FRIVOLOUSLY,
FRUSTRATE,
FRUSTRATED,
FRUSTRATES,
FRUSTRATING,
FRUSTRATINGLY,
FRUSTRATION,
FRUSTRATIONS,
FUGITIVE,
FUGITIVES,
GRATUITOUS,
GRATUITOUSLY,
GRIEVANCE,
GRIEVANCES,
GROSSLY,
GROUNDLESS,
GUILTY,
HALT,
HALTED,
HAMPER,
HAMPERED,
HAMPERING,
HAMPERS,
HARASS,
HARASSED,
HARASSING,
HARASSMENT,
HARDSHIP,
HARDSHIPS,
HARM,
HARMED,
HARMFUL,
HARMFULLY,
HARMING,
HARMS,
HARSH,
HARSHER,
HARSHEST,
HARSHLY,
HARSHNESS,
HAZARD,
HAZARDOUS,
HAZARDS,
HINDER,
HINDERED,
HINDERING,
HINDERS,
HINDRANCE,
HINDRANCES,
HOSTILE,
HOSTILITY,
HURT,
HURTING,
IDLE,
IDLED,
IDLING,
IGNORE,
IGNORED,
IGNORES,
IGNORING,
ILL,
ILLEGAL,
ILLEGALITIES,
ILLEGALITY,
ILLEGALLY,
ILLEGIBLE,
ILLICIT,
ILLICITLY,
ILLIQUID,
ILLIQUIDITY,
IMBALANCE,
IMBALANCES,
IMMATURE,
IMMORAL,
IMPAIR,
IMPAIRED,
IMPAIRING,
IMPAIRMENT,
IMPAIRMENTS,
IMPAIRS,
IMPASSE,
IMPASSES,
IMPEDE,
IMPEDED,
IMPEDES,
IMPEDIMENT,
IMPEDIMENTS,
IMPEDING,
IMPENDING,
IMPERATIVE,
IMPERFECTION,
IMPERFECTIONS,
IMPERIL,
IMPERMISSIBLE,
IMPLICATE,
IMPLICATED,
IMPLICATES,
IMPLICATING,
IMPOSSIBILITY,
IMPOSSIBLE,
IMPOUND,
IMPOUNDED,
IMPOUNDING,
IMPOUNDS,
IMPRACTICABLE,
IMPRACTICAL,
IMPRACTICALITIES,
IMPRACTICALITY,
IMPRISONMENT,
IMPROPER,
IMPROPERLY,
IMPROPRIETIES,
IMPROPRIETY,
IMPRUDENT,
IMPRUDENTLY,
INABILITY,
INACCESSIBLE,
INACCURACIES,
INACCURACY,
INACCURATE,
INACCURATELY,
INACTION,
INACTIONS,
INACTIVATE,
INACTIVATED,
INACTIVATES,
INACTIVATING,
INACTIVATION,
INACTIVATIONS,
INACTIVITY,
INADEQUACIES,
INADEQUACY,
INADEQUATE,
INADEQUATELY,
INADVERTENT,
INADVERTENTLY,
INADVISABILITY,
INADVISABLE,
INAPPROPRIATE,
INAPPROPRIATELY,
INATTENTION,
INCAPABLE,
INCAPACITATED,
INCAPACITY,
INCARCERATE,
INCARCERATED,
INCARCERATES,
INCARCERATING,
INCARCERATION,
INCARCERATIONS,
INCIDENCE,
INCIDENCES,
INCIDENT,
INCIDENTS,
INCOMPATIBILITIES,
INCOMPATIBILITY,
INCOMPATIBLE,
INCOMPETENCE,
INCOMPETENCY,
INCOMPETENT,
INCOMPETENTLY,
INCOMPETENTS,
INCOMPLETE,
INCOMPLETELY,
INCOMPLETENESS,
INCONCLUSIVE,
INCONSISTENCIES,
INCONSISTENCY,
INCONSISTENT,
INCONSISTENTLY,
INCONVENIENCE,
INCONVENIENCES,
INCONVENIENT,
INCORRECT,
INCORRECTLY,
INCORRECTNESS,
INDECENCY,
INDECENT,
INDEFEASIBLE,
INDEFEASIBLY,
INDICT,
INDICTABLE,
INDICTED,
INDICTING,
INDICTMENT,
INDICTMENTS,
INEFFECTIVE,
INEFFECTIVELY,
INEFFECTIVENESS,
INEFFICIENCIES,
INEFFICIENCY,
INEFFICIENT,
INEFFICIENTLY,
INELIGIBILITY,
INELIGIBLE,
INEQUITABLE,
INEQUITABLY,
INEQUITIES,
INEQUITY,
INEVITABLE,
INEXPERIENCE,
INEXPERIENCED,
INFERIOR,
INFLICTED,
INFRACTION,
INFRACTIONS,
INFRINGE,
INFRINGED,
INFRINGEMENT,
INFRINGEMENTS,
INFRINGES,
INFRINGING,
INHIBITED,
INIMICAL,
INJUNCTION,
INJUNCTIONS,
INJURE,
INJURED,
INJURES,
INJURIES,
INJURING,
INJURIOUS,
INJURY,
INORDINATE,
INORDINATELY,
INQUIRY,
INSECURE,
INSENSITIVE,
INSOLVENCIES,
INSOLVENCY,
INSOLVENT,
INSTABILITY,
INSUBORDINATION,
INSUFFICIENCY,
INSUFFICIENT,
INSUFFICIENTLY,
INSURRECTION,
INSURRECTIONS,
INTENTIONAL,
INTERFERE,
INTERFERED,
INTERFERENCE,
INTERFERENCES,
INTERFERES,
INTERFERING,
INTERMITTENT,
INTERMITTENTLY,
INTERRUPT,
INTERRUPTED,
INTERRUPTING,
INTERRUPTION,
INTERRUPTIONS,
INTERRUPTS,
INTIMIDATION,
INTRUSION,
INVALID,
INVALIDATE,
INVALIDATED,
INVALIDATES,
INVALIDATING,
INVALIDATION,
INVALIDITY,
INVESTIGATE,
INVESTIGATED,
INVESTIGATES,
INVESTIGATING,
INVESTIGATION,
INVESTIGATIONS,
INVOLUNTARILY,
INVOLUNTARY,
IRRECONCILABLE,
IRRECONCILABLY,
IRRECOVERABLE,
IRRECOVERABLY,
IRREGULAR,
IRREGULARITIES,
IRREGULARITY,
IRREGULARLY,
IRREPARABLE,
IRREPARABLY,
IRREVERSIBLE,
JEOPARDIZE,
JEOPARDIZED,
JUSTIFIABLE,
KICKBACK,
KICKBACKS,
KNOWINGLY,
LACK,
LACKED,
LACKING,
LACKLUSTER,
LACKS,
LAG,
LAGGED,
LAGGING,
LAGS,
LAPSE,
LAPSED,
LAPSES,
LAPSING,
LATE,
LAUNDERING,
LAYOFF,
LAYOFFS,
LIE,
LIMITATION,
LIMITATIONS,
LINGERING,
LIQUIDATE,
LIQUIDATED,
LIQUIDATES,
LIQUIDATING,
LIQUIDATION,
LIQUIDATIONS,
LIQUIDATOR,
LIQUIDATORS,
LITIGANT,
LITIGANTS,
LITIGATE,
LITIGATED,
LITIGATES,
LITIGATING,
LITIGATION,
LITIGATIONS,
LOCKOUT,
LOCKOUTS,
LOSE,
LOSES,
LOSING,
LOSS,
LOSSES,
LOST,
LYING,
MALFEASANCE,
MALFUNCTION,
MALFUNCTIONED,
MALFUNCTIONING,
MALFUNCTIONS,
MALICE,
MALICIOUS,
MALICIOUSLY,
MALPRACTICE,
MANIPULATE,
MANIPULATED,
MANIPULATES,
MANIPULATING,
MANIPULATION,
MANIPULATIONS,
MANIPULATIVE,
MARKDOWN,
MARKDOWNS,
MISAPPLICATION,
MISAPPLICATIONS,
MISAPPLIED,
MISAPPLIES,
MISAPPLY,
MISAPPLYING,
MISAPPROPRIATE,
MISAPPROPRIATED,
MISAPPROPRIATES,
MISAPPROPRIATING,
MISAPPROPRIATION,
MISAPPROPRIATIONS,
MISBRANDED,
MISCALCULATE,
MISCALCULATED,
MISCALCULATES,
MISCALCULATING,
MISCALCULATION,
MISCALCULATIONS,
MISCHARACTERIZATION,
MISCHIEF,
MISCLASSIFICATION,
MISCLASSIFICATIONS,
MISCLASSIFIED,
MISCLASSIFY,
MISCOMMUNICATION,
MISCONDUCT,
MISDATED,
MISDEMEANOR,
MISDEMEANORS,
MISDIRECTED,
MISHANDLE,
MISHANDLED,
MISHANDLES,
MISHANDLING,
MISINFORM,
MISINFORMATION,
MISINFORMED,
MISINFORMING,
MISINFORMS,
MISINTERPRET,
MISINTERPRETATION,
MISINTERPRETATIONS,
MISINTERPRETED,
MISINTERPRETING,
MISINTERPRETS,
MISJUDGE,
MISJUDGED,
MISJUDGES,
MISJUDGING,
MISJUDGMENT,
MISJUDGMENTS,
MISLABEL,
MISLABELED,
MISLABELING,
MISLABELLED,
MISLABELS,
MISLEAD,
MISLEADING,
MISLEADINGLY,
MISLEADS,
MISLED,
MISMANAGE,
MISMANAGED,
MISMANAGEMENT,
MISMANAGES,
MISMANAGING,
MISMATCH,
MISMATCHED,
MISMATCHES,
MISMATCHING,
MISPLACED,
MISPRICE,
MISPRICING,
MISPRICINGS,
MISREPRESENT,
MISREPRESENTATION,
MISREPRESENTATIONS,
MISREPRESENTED,
MISREPRESENTING,
MISREPRESENTS,
MISS,
MISSED,
MISSES,
MISSTATE,
MISSTATED,
MISSTATEMENT,
MISSTATEMENTS,
MISSTATES,
MISSTATING,
MISSTEP,
MISSTEPS,
MISTAKE,
MISTAKEN,
MISTAKENLY,
MISTAKES,
MISTAKING,
MISTRIAL,
MISTRIALS,
MISUNDERSTAND,
MISUNDERSTANDING,
MISUNDERSTANDINGS,
MISUNDERSTOOD,
MISUSE,
MISUSED,
MISUSES,
MISUSING,
MONOPOLISTIC,
MONOPOLISTS,
MONOPOLIZATION,
MONOPOLIZE,
MONOPOLIZED,
MONOPOLIZES,
MONOPOLIZING,
MONOPOLY,
MORATORIA,
MORATORIUM,
MORATORIUMS,
MOTHBALLED,
MOTHBALLING,
NEGATIVELY,
NEGATIVES,
NEGLECT,
NEGLECTED,
NEGLECTFUL,
NEGLECTING,
NEGLECTS,
NEGLIGENCE,
NEGLIGENCES,
NEGLIGENT,
NEGLIGENTLY,
NONATTAINMENT,
NONCOMPETITIVE,
NONCOMPLIANCE,
NONCOMPLIANCES,
NONCOMPLIANT,
NONCOMPLYING,
NONCONFORMING,
NONCONFORMITIES,
NONCONFORMITY,
NONDISCLOSURE,
NONFUNCTIONAL,
NONPAYMENT,
NONPAYMENTS,
NONPERFORMANCE,
NONPERFORMANCES,
NONPERFORMING,
NONPRODUCING,
NONPRODUCTIVE,
NONRECOVERABLE,
NONRENEWAL,
NUISANCE,
NUISANCES,
NULLIFICATION,
NULLIFICATIONS,
NULLIFIED,
NULLIFIES,
NULLIFY,
NULLIFYING,
OBJECTED,
OBJECTING,
OBJECTION,
OBJECTIONABLE,
OBJECTIONABLY,
OBJECTIONS,
OBSCENE,
OBSCENITY,
OBSOLESCENCE,
OBSOLETE,
OBSTACLE,
OBSTACLES,
OBSTRUCT,
OBSTRUCTED,
OBSTRUCTING,
OBSTRUCTION,
OBSTRUCTIONS,
OFFENCE,
OFFENCES,
OFFEND,
OFFENDED,
OFFENDER,
OFFENDERS,
OFFENDING,
OFFENDS,
OMISSION,
OMISSIONS,
OMIT,
OMITS,
OMITTED,
OMITTING,
ONEROUS,
OPPORTUNISTIC,
OPPORTUNISTICALLY,
OPPOSE,
OPPOSED,
OPPOSES,
OPPOSING,
OPPOSITION,
OPPOSITIONS,
OUTAGE,
OUTAGES,
OUTDATED,
OUTMODED,
OVERAGE,
OVERAGES,
OVERBUILD,
OVERBUILDING,
OVERBUILDS,
OVERBUILT,
OVERBURDEN,
OVERBURDENED,
OVERBURDENING,
OVERCAPACITIES,
OVERCAPACITY,
OVERCHARGE,
OVERCHARGED,
OVERCHARGES,
OVERCHARGING,
OVERCOME,
OVERCOMES,
OVERCOMING,
OVERDUE,
OVERESTIMATE,
OVERESTIMATED,
OVERESTIMATES,
OVERESTIMATING,
OVERESTIMATION,
OVERESTIMATIONS,
OVERLOAD,
OVERLOADED,
OVERLOADING,
OVERLOADS,
OVERLOOK,
OVERLOOKED,
OVERLOOKING,
OVERLOOKS,
OVERPAID,
OVERPAYMENT,
OVERPAYMENTS,
OVERPRODUCED,
OVERPRODUCES,
OVERPRODUCING,
OVERPRODUCTION,
OVERRUN,
OVERRUNNING,
OVERRUNS,
OVERSHADOW,
OVERSHADOWED,
OVERSHADOWING,
OVERSHADOWS,
OVERSTATE,
OVERSTATED,
OVERSTATEMENT,
OVERSTATEMENTS,
OVERSTATES,
OVERSTATING,
OVERSUPPLIED,
OVERSUPPLIES,
OVERSUPPLY,
OVERSUPPLYING,
OVERTLY,
OVERTURN,
OVERTURNED,
OVERTURNING,
OVERTURNS,
OVERVALUE,
OVERVALUED,
OVERVALUING,
PANIC,
PANICS,
PENALIZE,
PENALIZED,
PENALIZES,
PENALIZING,
PENALTIES,
PENALTY,
PERIL,
PERILS,
PERJURY,
PERPETRATE,
PERPETRATED,
PERPETRATES,
PERPETRATING,
PERPETRATION,
PERSIST,
PERSISTED,
PERSISTENCE,
PERSISTENT,
PERSISTENTLY,
PERSISTING,
PERSISTS,
PERVASIVE,
PERVASIVELY,
PERVASIVENESS,
PETTY,
PICKET,
PICKETED,
PICKETING,
PLAINTIFF,
PLAINTIFFS,
PLEA,
PLEAD,
PLEADED,
PLEADING,
PLEADINGS,
PLEADS,
PLEAS,
PLED,
POOR,
POORLY,
POSES,
POSING,
POSTPONE,
POSTPONED,
POSTPONEMENT,
POSTPONEMENTS,
POSTPONES,
POSTPONING,
PRECIPITATED,
PRECIPITOUS,
PRECIPITOUSLY,
PRECLUDE,
PRECLUDED,
PRECLUDES,
PRECLUDING,
PREDATORY,
PREJUDICE,
PREJUDICED,
PREJUDICES,
PREJUDICIAL,
PREJUDICING,
PREMATURE,
PREMATURELY,
PRESSING,
PRETRIAL,
PREVENTING,
PREVENTION,
PREVENTS,
PROBLEM,
PROBLEMATIC,
PROBLEMATICAL,
PROBLEMS,
PROLONG,
PROLONGATION,
PROLONGATIONS,
PROLONGED,
PROLONGING,
PROLONGS,
PRONE,
PROSECUTE,
PROSECUTED,
PROSECUTES,
PROSECUTING,
PROSECUTION,
PROSECUTIONS,
PROTEST,
PROTESTED,
PROTESTER,
PROTESTERS,
PROTESTING,
PROTESTOR,
PROTESTORS,
PROTESTS,
PROTRACTED,
PROTRACTION,
PROVOKE,
PROVOKED,
PROVOKES,
PROVOKING,
PUNISHED,
PUNISHES,
PUNISHING,
PUNISHMENT,
PUNISHMENTS,
PUNITIVE,
PURPORT,
PURPORTED,
PURPORTEDLY,
PURPORTING,
PURPORTS,
QUESTION,
QUESTIONABLE,
QUESTIONABLY,
QUESTIONED,
QUESTIONING,
QUESTIONS,
QUIT,
QUITTING,
RACKETEER,
RACKETEERING,
RATIONALIZATION,
RATIONALIZATIONS,
RATIONALIZE,
RATIONALIZED,
RATIONALIZES,
RATIONALIZING,
REASSESSMENT,
REASSESSMENTS,
REASSIGN,
REASSIGNED,
REASSIGNING,
REASSIGNMENT,
REASSIGNMENTS,
REASSIGNS,
RECALL,
RECALLED,
RECALLING,
RECALLS,
RECESSION,
RECESSIONARY,
RECESSIONS,
RECKLESS,
RECKLESSLY,
RECKLESSNESS,
REDACT,
REDACTED,
REDACTING,
REDACTION,
REDACTIONS,
REDEFAULT,
REDEFAULTED,
REDEFAULTS,
REDRESS,
REDRESSED,
REDRESSES,
REDRESSING,
REFUSAL,
REFUSALS,
REFUSE,
REFUSED,
REFUSES,
REFUSING,
REJECT,
REJECTED,
REJECTING,
REJECTION,
REJECTIONS,
REJECTS,
RELINQUISH,
RELINQUISHED,
RELINQUISHES,
RELINQUISHING,
RELINQUISHMENT,
RELINQUISHMENTS,
RELUCTANCE,
RELUCTANT,
RENEGOTIATE,
RENEGOTIATED,
RENEGOTIATES,
RENEGOTIATING,
RENEGOTIATION,
RENEGOTIATIONS,
RENOUNCE,
RENOUNCED,
RENOUNCEMENT,
RENOUNCEMENTS,
RENOUNCES,
RENOUNCING,
REPARATION,
REPARATIONS,
REPOSSESSED,
REPOSSESSES,
REPOSSESSING,
REPOSSESSION,
REPOSSESSIONS,
REPUDIATE,
REPUDIATED,
REPUDIATES,
REPUDIATING,
REPUDIATION,
REPUDIATIONS,
RESIGN,
RESIGNATION,
RESIGNATIONS,
RESIGNED,
RESIGNING,
RESIGNS,
RESTATE,
RESTATED,
RESTATEMENT,
RESTATEMENTS,
RESTATES,
RESTATING,
RESTRUCTURE,
RESTRUCTURED,
RESTRUCTURES,
RESTRUCTURING,
RESTRUCTURINGS,
RETALIATE,
RETALIATED,
RETALIATES,
RETALIATING,
RETALIATION,
RETALIATIONS,
RETALIATORY,
RETRIBUTION,
RETRIBUTIONS,
REVOCATION,
REVOCATIONS,
REVOKE,
REVOKED,
REVOKES,
REVOKING,
RIDICULE,
RIDICULED,
RIDICULES,
RIDICULING,
RISKIER,
RISKIEST,
RISKY,
SABOTAGE,
SACRIFICE,
SACRIFICED,
SACRIFICES,
SACRIFICIAL,
SACRIFICING,
SCANDALOUS,
SCANDALS,
SCRUTINIZE,
SCRUTINIZED,
SCRUTINIZES,
SCRUTINIZING,
SCRUTINY,
SECRECY,
SEIZE,
SEIZED,
SEIZES,
SEIZING,
SENTENCED,
SENTENCING,
SERIOUS,
SERIOUSLY,
SERIOUSNESS,
SETBACK,
SETBACKS,
SEVER,
SEVERE,
SEVERED,
SEVERELY,
SEVERITIES,
SEVERITY,
SHARPLY,
SHOCKED,
SHORTAGE,
SHORTAGES,
SHORTFALL,
SHORTFALLS,
SHRINKAGE,
SHRINKAGES,
SHUT,
SHUTDOWN,
SHUTDOWNS,
SHUTS,
SHUTTING,
SLANDER,
SLANDERED,
SLANDEROUS,
SLANDERS,
SLIPPAGE,
SLIPPAGES,
SLOW,
SLOWDOWN,
SLOWDOWNS,
SLOWED,
SLOWER,
SLOWEST,
SLOWING,
SLOWLY,
SLOWNESS,
SLUGGISH,
SLUGGISHLY,
SLUGGISHNESS,
SOLVENCIES,
SOLVENCY,
SPAM,
SPAMMERS,
SPAMMING,
STAGGERING,
STAGNANT,
STAGNATE,
STAGNATED,
STAGNATES,
STAGNATING,
STAGNATION,
STANDSTILL,
STANDSTILLS,
STOLEN,
STOPPAGE,
STOPPAGES,
STOPPED,
STOPPING,
STOPS,
STRAIN,
STRAINED,
STRAINING,
STRAINS,
STRESS,
STRESSED,
STRESSES,
STRESSFUL,
STRESSING,
STRINGENT,
SUBJECTED,
SUBJECTING,
SUBJECTION,
SUBPOENA,
SUBPOENAED,
SUBPOENAS,
SUBSTANDARD,
SUE,
SUED,
SUES,
SUFFER,
SUFFERED,
SUFFERING,
SUFFERS,
SUING,
SUMMONED,
SUMMONING,
SUMMONS,
SUMMONSES,
SUSCEPTIBLE,
SUSPECT,
SUSPECTED,
SUSPECTS,
SUSPEND,
SUSPENDED,
SUSPENDING,
SUSPENDS,
SUSPENSION,
SUSPENSIONS,
SUSPICION,
SUSPICIONS,
SUSPICIOUS,
SUSPICIOUSLY,
TAINT,
TAINTED,
TAINTING,
TAINTS,
TAMPERED,
TENSE,
TERMINATE,
TERMINATED,
TERMINATES,
TERMINATING,
TERMINATION,
TERMINATIONS,
TESTIFY,
TESTIFYING,
THREAT,
THREATEN,
THREATENED,
THREATENING,
THREATENS,
THREATS,
TIGHTENING,
TOLERATE,
TOLERATED,
TOLERATES,
TOLERATING,
TOLERATION,
TORTUOUS,
TORTUOUSLY,
TRAGEDIES,
TRAGEDY,
TRAGIC,
TRAGICALLY,
TRAUMATIC,
TROUBLE,
TROUBLED,
TROUBLES,
TURMOIL,
UNABLE,
UNACCEPTABLE,
UNACCEPTABLY,
UNACCOUNTED,
UNANNOUNCED,
UNANTICIPATED,
UNAPPROVED,
UNATTRACTIVE,
UNAUTHORIZED,
UNAVAILABILITY,
UNAVAILABLE,
UNAVOIDABLE,
UNAVOIDABLY,
UNAWARE,
UNCOLLECTABLE,
UNCOLLECTED,
UNCOLLECTIBILITY,
UNCOLLECTIBLE,
UNCOLLECTIBLES,
UNCOMPETITIVE,
UNCOMPLETED,
UNCONSCIONABLE,
UNCONSCIONABLY,
UNCONTROLLABLE,
UNCONTROLLABLY,
UNCONTROLLED,
UNCORRECTED,
UNCOVER,
UNCOVERED,
UNCOVERING,
UNCOVERS,
UNDELIVERABLE,
UNDELIVERED,
UNDERCAPITALIZED,
UNDERCUT,
UNDERCUTS,
UNDERCUTTING,
UNDERESTIMATE,
UNDERESTIMATED,
UNDERESTIMATES,
UNDERESTIMATING,
UNDERESTIMATION,
UNDERFUNDED,
UNDERINSURED,
UNDERMINE,
UNDERMINED,
UNDERMINES,
UNDERMINING,
UNDERPAID,
UNDERPAYMENT,
UNDERPAYMENTS,
UNDERPAYS,
UNDERPERFORM,
UNDERPERFORMANCE,
UNDERPERFORMED,
UNDERPERFORMING,
UNDERPERFORMS,
UNDERPRODUCED,
UNDERPRODUCTION,
UNDERREPORTING,
UNDERSTATE,
UNDERSTATED,
UNDERSTATEMENT,
UNDERSTATEMENTS,
UNDERSTATES,
UNDERSTATING,
UNDERUTILIZATION,
UNDERUTILIZED,
UNDESIRABLE,
UNDESIRED,
UNDETECTED,
UNDISCLOSED,
UNDUE,
UNDULY,
UNECONOMIC,
UNECONOMICAL,
UNECONOMICALLY,
UNEMPLOYED,
UNEMPLOYMENT,
UNETHICAL,
UNETHICALLY,
UNEXCUSED,
UNFAIR,
UNFAIRLY,
UNFAVORABILITY,
UNFAVORABLE,
UNFAVORABLY,
UNFAVOURABLE,
UNFEASIBLE,
UNFIT,
UNFITNESS,
UNFORESEEABLE,
UNFORESEEN,
UNFORTUNATE,
UNFORTUNATELY,
UNFOUNDED,
UNFRIENDLY,
UNFULFILLED,
UNFUNDED,
UNINSURED,
UNINTENDED,
UNINTENTIONAL,
UNINTENTIONALLY,
UNJUST,
UNJUSTIFIABLE,
UNJUSTIFIABLY,
UNJUSTIFIED,
UNJUSTLY,
UNKNOWING,
UNKNOWINGLY,
UNLAWFUL,
UNLAWFULLY,
UNLICENSED,
UNLIQUIDATED,
UNMARKETABLE,
UNMERCHANTABLE,
UNMERITORIOUS,
UNNECESSARILY,
UNNECESSARY,
UNNEEDED,
UNOBTAINABLE,
UNOCCUPIED,
UNPAID,
UNPERFORMED,
UNPOPULAR,
UNPRODUCTIVE,
UNPROFITABILITY,
UNPROFITABLE,
UNQUALIFIED,
UNREALISTIC,
UNREASONABLE,
UNREASONABLENESS,
UNREASONABLY,
UNRECEPTIVE,
UNRECOVERABLE,
UNRECOVERED,
UNREIMBURSED,
UNRELIABLE,
UNREMEDIED,
UNREPORTED,
UNRESOLVED,
UNREST,
UNSAFE,
UNSALABLE,
UNSALEABLE,
UNSATISFACTORY,
UNSATISFIED,
UNSAVORY,
UNSCHEDULED,
UNSELLABLE,
UNSOLD,
UNSOUND,
UNSTABILIZED,
UNSTABLE,
UNSUBSTANTIATED,
UNSUCCESSFUL,
UNSUCCESSFULLY,
UNSUITABILITY,
UNSUITABLE,
UNSUITABLY,
UNSUITED,
UNSURE,
UNSUSPECTED,
UNSUSPECTING,
UNSUSTAINABLE,
UNTENABLE,
UNTIMELY,
UNTRUSTED,
UNTRUTH,
UNTRUTHFUL,
UNTRUTHFULLY,
UNTRUTHFULNESS,
UNTRUTHS,
UNUSABLE,
UNWANTED,
UNWARRANTED,
UNWELCOME,
UNWILLING,
UNWILLINGNESS,
UPSET,
URGENCY,
URGENT,
USURIOUS,
USURP,
USURPED,
USURPING,
USURPS,
USURY,
VANDALISM,
VERDICT,
VERDICTS,
VETOED,
VICTIMS,
VIOLATE,
VIOLATED,
VIOLATES,
VIOLATING,
VIOLATION,
VIOLATIONS,
VIOLATIVE,
VIOLATOR,
VIOLATORS,
VIOLENCE,
VIOLENT,
VIOLENTLY,
VITIATE,
VITIATED,
VITIATES,
VITIATING,
VITIATION,
VOIDED,
VOIDING,
VOLATILE,
VOLATILITY,
VULNERABILITIES,
VULNERABILITY,
VULNERABLE,
VULNERABLY,
WARN,
WARNED,
WARNING,
WARNINGS,
WARNS,
WASTED,
WASTEFUL,
WASTING,
WEAK,
WEAKEN,
WEAKENED,
WEAKENING,
WEAKENS,
WEAKER,
WEAKEST,
WEAKLY,
WEAKNESS,
WEAKNESSES,
WILLFULLY,
WORRIES,
WORRY,
WORRYING,
WORSE,
WORSEN,
WORSENED,
WORSENING,
WORSENS,
WORST,
WORTHLESS,
WRITEDOWN,
WRITEDOWNS,
WRITEOFF,
WRITEOFFS,
WRONG,
WRONGDOING,
WRONGDOINGS,
WRONGFUL,
WRONGFULLY,
WRONGLY,
FLUCTUATE,
FLUCTUATED,
FLUCTUATES,
FLUCTUATING,
FLUCTUATION,
FLUCTUATIONS,
HIDDEN,
HINGES,
IMPRECISE,
IMPRECISION,
IMPRECISIONS,
IMPROBABILITY,
IMPROBABLE,
INDEFINITE,
INDEFINITELY,
INDEFINITENESS,
INDETERMINABLE,
INDETERMINATE,
INEXACT,
INEXACTNESS,
INSTABILITIES,
PRECAUTION,
PRECAUTIONARY,
PRECAUTIONS,
RANDOMLY,
RANDOMNESS,
REASSESS,
REASSESSED,
REASSESSES,
REASSESSING,
RECALCULATE,
RECALCULATED,
RECALCULATES,
RECALCULATING,
RECALCULATION,
RECALCULATIONS,
RECONSIDER,
RECONSIDERED,
RECONSIDERING,
RECONSIDERS,
REEXAMINATION,
REEXAMINE,
REEXAMINING,
REINTERPRET,
REINTERPRETATION,
REINTERPRETATIONS,
REINTERPRETED,
REINTERPRETING,
REINTERPRETS,
REVISE,
REVISED,
RISK,
RISKED,
RISKINESS,
RISKING,
RISKS,
ROUGHLY,
RUMORS,
SEEMS,
SELDOM,
SELDOMLY,
SOMETIME,
SOMETIMES,
SOMEWHAT,
SOMEWHERE,
SPECULATE,
SPECULATED,
SPECULATES,
SPECULATING,
SPECULATION,
SPECULATIONS,
SPECULATIVE,
SPECULATIVELY,
SPORADIC,
SPORADICALLY,
SUDDEN,
SUDDENLY,
SUGGEST,
SUGGESTED,
SUGGESTING,
SUGGESTS,
SUSCEPTIBILITY,
TENTATIVE,
TENTATIVELY,
TURBULENCE,
UNCERTAIN,
UNCERTAINLY,
UNCERTAINTIES,
UNCERTAINTY,
UNCLEAR,
UNCONFIRMED,
UNDECIDED,
UNDEFINED,
UNDESIGNATED,
UNDETECTABLE,
UNDETERMINABLE,
UNDETERMINED,
UNDOCUMENTED,
UNEXPECTED,
UNEXPECTEDLY,
UNFAMILIAR,
UNFAMILIARITY,
UNFORECASTED,
UNFORSEEN,
UNGUARANTEED,
UNHEDGED,
UNIDENTIFIABLE,
UNIDENTIFIED,
UNKNOWN,
UNKNOWNS,
UNOBSERVABLE,
UNPLANNED,
UNPREDICTABILITY,
UNPREDICTABLE,
UNPREDICTABLY,
UNPREDICTED,
UNPROVED,
UNPROVEN,
UNQUANTIFIABLE,
UNQUANTIFIED,
UNRECONCILED,
UNSEASONABLE,
UNSEASONABLY,
UNSETTLED,
UNSPECIFIC,
UNSPECIFIED,
UNTESTED,
UNUSUAL,
UNUSUALLY,
UNWRITTEN,
VAGARIES,
VAGUE,
VAGUELY,
VAGUENESS,
VAGUENESSES,
VAGUER,
VAGUEST,
VARIABILITY,
VARIABLE,
VARIABLES,
VARIABLY,
VARIANCE,
VARIANCES,
VARIANT,
VARIANTS,
VARIATION,
VARIATIONS,
VARIED,
VARIES,
VARY,
VARYING,
VOLATILITIES,
ALLEGATION,
ALLEGATIONS,
ALLEGE,
ALLEGED,
ALLEGEDLY,
ALLEGES,
ALLEGING,
BREACH,
BREACHED,
BREACHES,
BREACHING,
COURT,
COURTROOM,
COURTS,
CRIMINALITY,
CRIMINALIZE,
CRIMINALIZING,
LAWSUIT,
LAWSUITS,
LIBEL,
LIBELED,
LIBELOUS,
LIBELS,
UNENFORCEABILITY,
UNENFORCEABLE,
UNLAWFULNESS,
PREVENT,
PREVENTED,
PROHIBIT,
PROHIBITED,
PROHIBITING,
PROHIBITION,
PROHIBITIONS,
PROHIBITIVE,
PROHIBITIVELY,
PROHIBITORY,
PROHIBITS,
RESTRAIN,
RESTRAINED,
RESTRAINING,
RESTRAINS,
RESTRAINT,
RESTRAINTS,
RESTRICT,
RESTRICTED,
RESTRICTING,
RESTRICTION,
RESTRICTIONS,
RESTRICTIVE,
RESTRICTIVELY,
RESTRICTIVENESS,
RESTRICTS,
STRICT,
STRICTER,
STRICTEST,
STRICTLY,
bubble,
bubbles,
burst,
downtrend,
scheme,
scam,
scams,
scammed,
scamming,
overvalues,
crash,
crashing,
crashed,
crashes,
ban,
banned,
banning,
loose,
loosing,
robbed,
robbing,
steal,
stealing,
stole,
