"id","bot_names"
1,"A858DE45F56D9BC9"
2,"AAbot"
3,"ADHDbot"
4,"ALTcointip"
5,"AVR_Modbot"
6,"A_random_gif"
7,"AltCodeBot"
8,"Antiracism_Bot"
9,"ApiContraption"
10,"AssHatBot"
11,"AtheismModBot"
12,"AutoInsult"
13,"BELITipBot"
14,"BadLinguisticsBot"
15,"BanishedBot"
16,"BeetusBot"
17,"BensonTheBot"
18,"Bible_Verses_Bot"
19,"BlackjackBot"
20,"BlockchainBot"
21,"Brigade_Bot"
22,"Bronze-Bot"
23,"CAH_BLACK_BOT"
24,"CHART_BOT"
25,"CLOSING_PARENTHESIS"
26,"CPTModBot"
27,"Cakeday-Bot"
28,"CalvinBot"
29,"CaptionBot"
30,"CarterDugSubLinkBot"
31,"CasualMetricBot"
32,"Chemistry_Bot"
33,"ChristianityBot"
34,"Codebreakerbreaker"
35,"Comment_Codebreaker"
36,"ComplimentingBot"
37,"CreepierSmileBot"
38,"CreepySmileBot"
39,"CuteBot6969"
40,"DDBotIndia"
41,"DNotesTip"
42,"DRKTipBot"
43,"DefinitelyBot"
44,"DeltaBot"
45,"Dictionary__Bot"
46,"DidSomeoneSayBoobs"
47,"DogeLotteryModBot"
48,"DogeTipStatsBot"
49,"DogeWordCloudBot"
50,"DotaCastingBot"
51,"Downtotes_Plz"
52,"DownvotesMcGoats"
53,"DropBox_Bot"
54,"EmmaBot"
55,"Epic_Face_Bot"
56,"EscapistVideoBot"
57,"ExmoBot"
58,"ExplanationBot"
59,"FTFY_Cat6"
60,"FTFY_Cat"
61,"FedoraTipAutoBot"
62,"FelineFacts"
63,"Fixes_GrammerNazi_"
64,"FriendSafariBot"
65,"FriendlyCamelCaseBot"
66,"FrontpageWatch"
67,"Frown_Bot"
68,"GATSBOT"
69,"GabenCoinTipBot"
70,"GameDealsBot"
71,"Gatherer_bot"
72,"GeekWhackBot"
73,"GiantBombBot"
74,"GifAsHTML5"
75,"GoneWildResearcher"
76,"GooglePlusBot"
77,"GotCrypto"
78,"GrammerNazi_"
79,"GreasyBacon"
80,"Grumbler_bot"
81,"GunnersGifsBot"
82,"GunnitBot"
83,"HCE_Replacement_Bot"
84,"HScard_display_bot"
85,"Handy_Related_Sub"
86,"HighResImageFinder"
87,"HockeyGT_Bot"
88,"HowIsThisBestOf_Bot"
89,"IAgreeBot"
90,"ICouldntCareLessBot"
91,"IS_IT_SOLVED"
92,"I_BITCOIN_CATS"
93,"I_Say_No_"
94,"Insane_Photo_Bot"
95,"IsItDownBot"
96,"JiffyBot"
97,"JotBot"
98,"JumpToBot"
99,"KSPortBot"
100,"KarmaConspiracy_Bot"
101,"LazyLinkerBot"
102,"LinkFixerBotSnr"
103,"Link_Correction_Bot"
104,"Link_Demobilizer"
105,"Link_Rectifier_Bot"
106,"LinkedCommentBot"
107,"LocationBot"
108,"MAGNIFIER_BOT"
109,"Makes_Small_Text_Bot"
110,"Meta_Bot"
111,"MetatasticBot"
112,"MetricPleaseBot"
113,"Metric_System_Bot"
114,"MontrealBot"
115,"MovieGuide"
116,"MultiFunctionBot"
117,"MumeBot"
118,"NASCARThreadBot"
119,"NFLVideoBot"
120,"NSLbot"
121,"Nazeem_Bot"
122,"New_Small_Text_Bot"
123,"Nidalee_Bot"
124,"NightMirrorMoon"
125,"NoSleepAutoMod"
126,"NoSobStoryBot2"
127,"NobodyDoesThis"
128,"NotRedditEnough"
129,"PHOTO_OF_CAPTAIN_RON"
130,"PJRP_Bot"
131,"PhoenixBot"
132,"PigLatinsYourComment"
133,"PlayStoreLinks_Bot"
134,"PlaylisterBot"
135,"PleaseRespectTables"
136,"PloungeMafiaVoteBot"
137,"PokemonFlairBot"
138,"PoliteBot"
139,"PoliticBot"
140,"PonyTipBot"
141,"PornOverlord"
142,"Porygon-Bot"
143,"PresidentObama___"
144,"ProselytizerBot"
145,"PunknRollBot"
146,"QUICHE-BOT"
147,"RFootballBot"
148,"Random-ComplimentBOT"
149,"RandomTriviaBot"
150,"Rangers_Bot"
151,"Readdit_Bot"
152,"Reads_Small_Text_Bot"
153,"RealtechPostBot"
154,"ReddCoinGoldBot"
155,"Relevant_News_Bot"
156,"RequirementsBot"
157,"RfreebandzBOT"
158,"RiskyClickBot"
159,"SERIAL_JOKE_KILLER"
160,"SMCTipBot"
161,"SRD_Notifier"
162,"SRS_History_Bot"
163,"SRScreenshot"
164,"SWTOR_Helper_Bot"
165,"SakuraiBot_test"
166,"SakuraiBot"
167,"SatoshiTipBot"
168,"ShadowBannedBot"
169,"ShibeBot"
170,"ShillForMonsanto"
171,"Shiny-Bot"
172,"ShittyGandhiQuotes"
173,"ShittyImageBot"
174,"SketchNotSkit"
175,"SmallTextReader"
176,"Smile_Bot"
177,"Somalia_Bot"
178,"Some_Bot"
179,"StackBot"
180,"StarboundBot"
181,"StencilTemplateBOT"
182,"StreetFightMirrorBot"
183,"SuchModBot"
184,"SurveyOfRedditBot"
185,"TOP_COMMENT_OF_YORE"
186,"Text_Reader_Bot"
187,"TheSwedishBot"
188,"TipMoonBot"
189,"TitsOrGTFO_Bot"
190,"TweetPoster"
191,"Twitch2YouTube"
192,"Unhandy_Related_Sub"
193,"UnobtaniumTipBot"
194,"UrbanDicBot"
195,"UselessArithmeticBot"
196,"UselessConversionBot"
197,"VideoLinkBot"
198,"VideopokerBot"
199,"VsauceBot"
200,"WWE_Network_Bot"
201,"WeAppreciateYou"
202,"Website_Mirror_Bot"
203,"WeeaBot"
204,"WhoWouldWinBot"
205,"Wiki_Bot"
206,"Wiki_FirstPara_bot"
207,"WikipediaCitationBot"
208,"Wink-Bot"
209,"WordCloudBot2"
210,"WritingPromptsBot"
211,"X_BOT"
212,"YT_Bot"
213,"_Definition_Bot_"
214,"_FallacyBot_"
215,"_Rita_"
216,"__bot__"
217,"albumbot"
218,"allinonebot"
219,"annoying_yes_bot"
220,"asmrspambot"
221,"astro-bot"
222,"auto-doge"
223,"automoderator"
224,"autourbanbot"
225,"autowikibot"
226,"bRMT_Bot"
227,"bad_ball_ban_bot"
228,"ban_pruner"
229,"baseball_gif_bot"
230,"beecointipbot"
231,"bitcoinpartybot"
232,"bitcointip"
233,"bitofnewsbot"
234,"bocketybot"
235,"c5bot"
236,"c5bot"
237,"cRedditBot"
238,"callfloodbot"
239,"callibot"
240,"canada_goose_tip_bot"
241,"changetip"
242,"cheesecointipbot"
243,"chromabot"
244,"classybot"
245,"coinflipbot"
246,"coinyetipper"
247,"colorcodebot"
248,"comment_copier_bot"
249,"compilebot"
250,"conspirobot"
251,"creepiersmilebot"
252,"cris9696"
253,"cruise_bot"
254,"d3posterbot"
255,"define_bot"
256,"demobilizer"
257,"dgctipbot"
258,"digitipbot"
259,"disapprovalbot"
260,"dogetipbot"
261,"earthtipbot"
262,"edmprobot"
263,"elMatadero_bot"
264,"elwh392"
265,"expired_link_bot"
266,"fa_mirror"
267,"fact_check_bot"
268,"faketipbot"
269,"fedora_tip_bot"
270,"fedoratips"
271,"flappytip"
272,"flips_title"
273,"foreigneducationbot"
274,"frytipbot"
275,"fsctipbot"
276,"gabenizer-bot"
277,"gabentipbot"
278,"gfy_bot"
279,"gfycat-bot-sucksdick"
280,"gifster_bot"
281,"gives_you_boobies"
282,"givesafuckbot"
283,"gocougs_bot"
284,"godwin_finder"
285,"golferbot"
286,"gracefulcharitybot"
287,"gracefulclaritybot"
288,"gregbot"
289,"groompbot"
290,"gunners_gif_bot"
291,"haiku_robot"
292,"havoc_bot"
293,"hearing-aid_bot"
294,"hearing_aid_bot"
295,"hearingaid_bot"
296,"hit_bot"
297,"hockey_gif_bot"
298,"howstat"
299,"hwsbot"
300,"imgurHostBot"
301,"imgur_rehosting"
302,"imgurtranscriber"
303,"imirror_bot"
304,"isitupbot"
305,"jerkbot-3hunna"
306,"keysteal_bot"
307,"kittehcointipbot"
308,"last_cakeday_bot"
309,"linkfixerbot1"
310,"linkfixerbot2"
311,"linkfixerbot3"
312,"loser_detector_bot"
313,"luckoftheshibe"
314,"makesTextSmall"
315,"malen-shutup-bot"
316,"matthewrobo"
317,"meme_transcriber"
318,"memedad-transcriber"
319,"misconception_fixer"
320,"mma_gif_bot"
321,"moderator-bot"
322,"nba_gif_bot"
323,"new_eden_news_bot"
324,"nhl_gif_bot"
325,"not_alot_bot"
326,"notoverticalvideo"
327,"nyantip"
328,"okc_rating_bot"
329,"pandatipbot"
330,"pandatips"
331,"potdealer"
332,"provides-id"
333,"qznc_bot"
334,"rSGSpolice"
335,"r_PictureGame"
336,"raddit-bot"
337,"randnumbot"
338,"rarchives"
339,"readsmalltextbot"
340,"redditbots"
341,"redditreviewbot"
342,"redditreviewbot"
343,"reddtipbot"
344,"relevantxkcd-bot"
345,"request_bot"
346,"rhiever-bot"
347,"rightsbot"
348,"rnfl_robot"
349,"roger_bot"
350,"rss_feed"
351,"rubycointipbot"
352,"rule_bot"
353,"rusetipbot"
354,"sentimentviewbot"
355,"serendipitybot"
356,"shadowbanbot"
357,"slapbot"
358,"slickwom-bot"
359,"snapshot_bot"
360,"soccer_gif_bot"
361,"softwareswap_bot"
362,"sports_gif_bot"
363,"spursgifs_xposterbot"
364,"stats-bot"
365,"steam_bot"
366,"subtext-bot"
367,"synonym_flash"
368,"tabledresser"
369,"techobot"
370,"tennis_gif_bot"
371,"test_bot0x00"
372,"tipmoonbot1"
373,"tipmoonbot2"
374,"tittietipbot"
375,"topcoin_tip"
376,"topredditbot"
377,"totes_meta_bot"
378,"ttumblrbots"
379,"unitconvert"
380,"valkyribot"
381,"versebot"
382,"vertcoinbot"
383,"vertcointipbot"
384,"wheres_the_karma_bot"
385,"wooshbot"
386,"xkcd_bot"
387,"xkcd_number_bot"
388,"xkcd_number_bot"
389,"xkcd_number_bot"
390,"xkcd_transcriber"
391,"xkcdcomic_bot"
392,"yes_it_is_weird"
393,"yourebot"
394,"tippr"
395,"tipper"
396,"BitcoinAllBot"
397,"_youtubot_"
398,"ABitcoinAllBot"
399,"ABitcoinAllBot2"
400,"ama_compiler_bot"
401,"sneakpeekbot"
402,"TotesMessenger"
403,"youtubefactsbot"
404,"tweettranscriberbot"
405,"WikiTextBot"
406,"TrollaBot"
407,"resavr_bot"
408,"just2centsBot"
409,"video_descriptionbot"
410,"TweetTranscriber"
411,"AwkwardMod"
412,"samacharbot2"
413,"AutoModerator"
414,"Tipper_More"
415,"autotldr"
416,"RemindMeBot"
417,"YourFriendlyIOTABOT"
418,"TweetsInCommentsBot"
419,"rBitcoinMod"
420,"Mentioned_Videos"
421,"xyMarketBot"
422,"BitcoinXPostBot"
423,"Giveaways_Bot"
424,"SmallSubBot"
425,"SteamKiwi"
426,"TrendingCommenterBot"
427,"DuplicatesBot"
428,"ReddcoinTipper"
429,"YouTubeModerator"
430,"litecoinmarkets"
431,"censorship_notifier"
432,"subredditreports"
433,"SmallSubBot"
434,"alternate-source-bot"
435,"qkme_transcriber"
436,"TwitchSubreddit"
437,"timestamp_bot"
438,"SnapshillBot"
439,"ZenMasterBot"
440,"DogeHelpBot"
441,"dev_list_bot"
442,"bitcoin-devlist-bot"
443,"BotSpeaks"
444,"BitcoinAll"
445,"sub_toppings_bot"
446,"iotabotyo"
447,"transcribot"
448,"ButtcoinBuzzwordBot"
449,"CashTipper"
450,"OriginalPostSearcher"
451,"LostCommunication"
452,"chaintip"
453,"PrimeDice"
454,"Diapolis"
455,"IDM_bot"
456,"narwal_bot"
457,"obiWanKenobi_bot"
458,"whatisitworth_bot"
459,"comment_preview_bot"
460,"crypto_bot"
461,"I_am_a_haiku_bot"
462,"YT_Reddit_Bot"
463,"bittip_powered_bot"
464,"PlayStoreLinks__Bot"
465,"BTC_SENTIMENT_BOT"
466,"get_a_job_bot"
467,"cah_white_bot"
468,"Concise_AMA_Bot"
469,"Shark_Bot"
470,"i_am_a_redpill_bot"
471,"RT_Video_Bot"
472,"r-PictureGame"
473,"Sweepstakes_Bot"
474,"google_search_bot"
475,"btc_recipient_bot"
476,"YTubeInfoBot"
477,"WikipediaPoster"
478,"Craigslist-Bot"
479,"testtip"
480,"decode-binary"
481,"wise_shibe"
482,"thelinkfixerbot"
483,"cryptoPriceBot"
484,"WikiMeBot"
485,"Key_Points"
486,"CantHearYouBot"
487,"Wutbot1"
488,"citation-is-needed"
489,"Krockadyl"
490,"andonevris"
491,"anti_anti_adblock"
492,"AntiBrigadeBot2"
493,"bitcoin_incident_bot"
494,"both_sides_bot"
495,"Haiku_Detector_Bot"
496,"legendarylootz"
497,"RANDOM_BITCOIN_BOT"
498,"umnikos_bots"
499,"Username_Number_bot"
500,"Anti-Brigade-Bot7"
501,"AskRedditUL-Bot"
502,"Coy-Bot"
503,"forbes-bot"
504,"friendly-bot"
505,"IamABot_v01"
506,"martin_chris"
507,"momma-bot"
508,"note-to-self-bot"
509,"PORTMANTEAU-BOT"
510,"QuoteMe-Bot"
511,"reddit-x-bot"
512,"test-bot23"
